Sophia,2e6e055e719e728fa0705c1a9770872f7c57b08cdc771b611118dca2c77672f7
Jackson,b7280f4e20f4971e9bb01e7f25c8e5fceed212b307dfd3c9a0f444bdee04164b
Olivia,5f7635b6a1c0307fd33f4270e2b1437795d6f63612f13f684648bd2e6ff119c1
Liam,ffa6059b954a4602a9fa1518d10ca6163bce3f9d4bd3ee51c860eb6c2da16675
Emma,6d78b19a042a64f08cc4df0d42fb91cd757829718e60e82a54e3498f03f3ef32
Noah,36ed0cb851bc0759f44abe7b1baaabfb7664fb157303f89623b01cbbbfff4887
Ava,434f4d14c1eb231306b51aaa160c021b63670ac6ca67fb8e403f4500983dd1e4
Oliver,0e5275f34e63038d1fb8a9ef94dce7e7dade73d03bd7b6125a73fcc43e9bdfc0
Isabella,5b2e9cafaa50f27b634ecb32f995287209ef62f280086cc174edc051e515bf30
Lucas,f06436fba104193e1c4396934cc09d49ea39e0e6bf10b2e136c139c77dca4bd6
Mia,5d4048cb5ff48fce144b4c51954a898cb5f052f7edf690c2ab175706134f34d9
Ethan,62ff3751599d2e868251a61680c475d4e11ddb448b111cbdc29a823f56223a47
Amelia,efb092e03612f568901dc7504b50a6c888a3b0734f7ad9e8d6b43ea2232b1124
Aiden,b57104c5b0f19d02f813b4b1101b374bc9deec29d4cf98e459e9aaae837bfdbe
Harper,76a30972876b875cfb7ed632713da1ca9bbf1451ebca2c1b3081c148cd9609af
Sebastian,30ec1ae05d7d5ea89d62efa3d0dfad114853edadbdc46102f438bde80e6b8016
Aria,7b0838c2af7e6b1f3fe5a49c32dd459d997a931cee349ca6869f3c17cc838394
Alexander,42d9972e972e40956658f1b4f3bd676512837741de686d03f447d8015feb6a6c
Evelyn,938243a1748decb6ce56d72bcfeb3cf9aa2a90b4a24c6a0e7614f424976843a6
Carter,dc893e6af0316b06f6d959648524c165bc4682c432034021d140e49cd9e688a6
Riley,8f61d3cbcafb6953f3cd1d77d77e37c2c06c86e6fa86925e5f7ebd9d88c3c6bb
Henry,46db1ca7f3598c26c3e6c8d99e3ed95d2b1c76db040b8f8cd29af723ee086077
Luna,ed9253c2fe833192c6aa6ef3067a8d1bd829f7e9b0e34c49c04a9b0a2e28687c
Matthew,d511b5d469027daccddb924368c9069473495e0da8b42f1a0c4283fd68c770d3
Zoe,5f207ac3809ba0a79658c25278eb5674a1265c72fc8bae6b666dc353e901a2a3
Leo,e7307d066eaa94f6e5e28fd051f58a879acad95aec6ff8d8b73accffb1992859
Layla,0e17daca5f3e175f448bacace3bc0da47d0655a74c8dd0dc497a3afbdad95f1f
Jack,2539b1fe79aca4da764702e784f5324d156d47ca8849f82cff487298de02e0ad
Grace,35548a435e631dc5ee6a4500328da635e617fc5754522d288e036a42385be591
Daniel,36b0207bd8d835af78dc50d39384e7e0c2953dbdb04ca450d856e47da364c074
Nora,a1bb364ad3761439e83376289d6656aaabf8b99014a8a7ff937e37c53611d885
William,feb5c7b065f6a847ec8feed2d4fa26f80e9a2dc531b8ca7bc039c3375b4f8bf4
Scarlett,490c19f4dfce16f41a6f60a265bf762f88efd01a9e639e3dc4d2724435cddae1
Owen,32ea22f4c85ee1a97079b18d2bc8b47ffb8dd190ded6323903a82dc177607637
Chloe,5d7be92de977a8c5aa4c1b042087b234c024c8cf1820362e5587b660bca6a8c3
James,f035af22c045803b21d3ac8bed1abf09690ad8fbdc86e172ee5fdc5e9bb8bafa
Lily,0ac90a7368b506fee345c70d8ddd6c7f9370cb70c15f655780746ec89b6269d9
Benjamin,dc6c5df2f682fbfbcd174159a3c8fccaf571ed5609acf3386290b6df9994b030
Mila,def2f2195183e1938537e9bcd0b725a5b92e57d2e7e02df933bc863be682fe91
Jacob,2747b7c718564ba5f066f0523b03e17f6a496b06851333d2d59ab6d863225848
Aubrey,0fe999d3d53fe74d3ab942bc9741a9386720ced1e2a64604e1403876b05c626d
Wyatt,338b4dea5367b50449692de7612b4c85cfd495355ea8f1070d634f40fc0ebec1
Ella,7377a71607a8dabc029ab10e7a6a895b92e87762538b10ce8b10c4c9ddc74448
Michael,b6cbf3829f323ff95219b019c64797845ad48a594f70b8dfc63ceaa48b6353e2
Camila,7850e83feab6c3ccfc3d38abc3e58b0a70c7630a88f0c6436650bf27e8cf61d7
Elijah,de387b6003a232a78dd5892b052435aafbb1bfd5396b8e0d87a14802fd97be37
Avery,ff9d27a58b7bc55adad6a33b619ac4817bc83a819e71d2c5215a545aa842171b
Oliver,7768e375a15e957a64adf43f42e9c54666a035ab58596e198a4a497bb17d65e8
Abigail,143cf2c38c63401ee6c6d4514733c832f013c5647b03c92edae973e7a1c440a7
Daniel,336938924d45a1c0ef5cd782a3662efa90c60c5f02ef6a27f2fcbb66cec5b1ee
Emily,112a779faa0dce195f78b0a37c95b6b7e4b93b1953be40b46c333cb74e097afa
David,3a163182232756e7220714e4e20599d073f0b681d9d00b4001007dbcc2003b56
Elizabeth,d4677f835c202d9267e009f5add0e43f2e3e599c7ea24987eda1afbeaa88dd93
Logan,dcb57707f6f00ed16db4f25cc3b3eccb2c4c444398fa262d6f5308a129174512
Sofia,31463ca37e9c81f5567068587774f7a07d4871f0dfb7372882abbddf840fef33
Joseph,c45c01c3885bc08666959321f2baa506550c313732851f871e977b1cef564e98
Avery,5cd5e6e836cd713686bd2ccc7a5626db84a4c23f91d00d02eaed726d9f5b7220
James,f7b856c054de7ccced087ad4f9413380ec494e40abc818b840aaad990ca3c5bc
Ella,1ef96e7e96be65f019580723985e9981f0875915219ed9c30c356381ac3d3b37
Samuel,aa0786629d94c0e43ce10feb8df04d872c80438b484e3e9fdcf4e7644a14a4d6
Evelyn,b9d7ccd5bdd0a0baf344adfc5669d27b3503f59f4a1d87bdd61b94d0810c7fe0
Henry,690b51acbaa9c5edc85fe19ffa764a760eb91126f8c133b2b496243540450eaa
Avery,d518b82e2afb2ff73d35ece39f90d941826a16197c26eab7ea73570a74b18150
John,1f6909d0ba546f3291d3a8ffa1107868d370ade6c3df0393c4b944e3437291f0
Scarlett,3f9807cb9ae9fb6c30942af6139909d27753a5e03fe5a5c6e93b014f5b17366f
Luke,94acb90928ab3cde68a191a7b8b9f8904bf1c0c3465a12ca452c1d377c65d439
Grace,833d6983cdb9e4c6c12bf3022bdae163f91a51f1cf9876c955137e5f996f9763
Anthony,f49fc8756a1cb124c44cbbf6a91b8967f5b892be97cbe50dfeb49dcb9ef92790
Victoria,5c92d55ecbfdc0dc7a896d9dc73aaac8c14672bd047c45fab89574c89f4630cb
Isaac,22650cc4e64b7f6f36e91c9b93716843a456b809bef3b3bdf9d755c4fb6fe214
Riley,ac2626141862f2667caf521af092b3c30b00c6053c2e03ef8bb900119528f1fa
Andrew,addcb3d9599cca858acab111858cfc4df9cd6cdf515a5cfdeba5c12e15ba11b3
Aria,e2a424edff99af60a8d9e6b9943562d6b148a49603445aaf4371d722e12c7f28
Gabriel,e0963ee5228d3ea114cc8af37585893a3be748efd68e67b5301d38329c7f65fc
Zoe,711b63d5516e336e0379f019c54a23178e18cfc67e958d2759b812b2f51af362
Jackson,2c7faf8d14fde2494fe5d70e96df66243ea01040f62086638cff19cb8c139c53
Layla,f6f7f1e929eea3c26eacf5f2b6e607a41df411831cfaff38e780a844f93bd701
Christopher,93ff62e8ed57737e397ce83220fc9a0d834fe5c814f5154d68cccc2772687dad
Penelope,599fa5a8dc521d3f491cafcb65f2ddca35e5231cde6ed030dbefa1304ac111e5
Joshua,c7c63acc2b79f8ae36746930b4ebfdef3aca62b8f7665682145ac26732be1137
Lily,c1fcf0cd023db10f29d0b27e7f7b649185b04e8ba26f7a6061751add2126a4e6
Joseph,8527a891e224136950ff32ca212b45bc93f69fbb801c3b1ebedac52775f99e61
Lillian,ce332c83a236eaf5a0d83d4630a615dc665115149d1f8bb503c92882819804ab
Ethan,3609d62fdb614d5eff118a1906d0edd30c8b648b38a2ff541e9fc723d77a5b24
Nora,2e27bb07e506e9824ae32f9b0e2b52278c203f35cdfd04bad872f45fa4831a1d
Caleb,824bd8704dd8ed22c38ff1d7f04d4c60464bc559a59e661961afd9db42c53239
Aria,57cd0d3724eb1e6fd033333fac1332437f1b46b64bcc3dd389b4bb1bc245b6c3
Ryan,211e9689e1419f3f9bbdbb0e19b7033c2e755dc16eb1b63b848c115e27bfd537
Hailey,a1271642c26ded1a08fc67a7791aa368ec32e76940cf6f15e779d091f31439fb
Samuel,a8caa602fb66f78027e2035b4200e304e21bb21b88ff6c16e516c3f27955dc45
Hannah,dd65c0a7536affef35f3383b9c1be5a8fe319f6a99c5c29a70f8c8b91ea8bba1
Dylan,fa4c5b840101cf9fd230e1f39d2357a9e38fdafbf630855f04cf2f1a58a60654
Addison,9c55b07c46330c6621ef6b2fea5f2ceb51acb3b7d68258580716e0937d88a47d
Nathan,db3defda18fafc0c197740438051c690d98b551a7e449d66390d38fa2db09b77
Mila,fd1abbda17f4974a8fdc4c67769e5154c5de7d312162bf6d174e36b133332043
Isaac,54acfadf2c86190a1db8e2ac5d0506ae66dd3fe794068e87c6df53fc5370fc31
Eleanor,bc45def81515c4ff5d0de486c04b4dda6154bb898d3cca834b5b569a24069c43
Nicholas,43908979b8b2d28d258ecc16f2ebf318939139fd8be49df844e7d98a3efb615d
Ellie,36790ecd55c2030dc553685bef719df653f413a20cdad1bfd1dc934c76686ddd
Tyler,32eb1a8dafeb0873c8d00b0e9058c8c77ff6c6d9235b3236989c50ef63d8f9ba
